--
-- PostgreSQL database dump
--

-- Dumped from database version 15.0
-- Dumped by pg_dump version 15.0

-- Started on 2023-03-31 21:00:01

SET statement_timeout = 0;
SET lock_timeout = 0;
SET idle_in_transaction_session_timeout = 0;
SET client_encoding = 'UTF8';
SET standard_conforming_strings = on;
SELECT pg_catalog.set_config('search_path', '', false);
SET check_function_bodies = false;
SET xmloption = content;
SET client_min_messages = warning;
SET row_security = off;

SET default_tablespace = '';

SET default_table_access_method = heap;

--
-- TOC entry 221 (class 1259 OID 18133)
-- Name: auth_group; Type: TABLE; Schema: public; Owner: course_db_user
--

CREATE TABLE public.auth_group (
    id integer NOT NULL,
    name character varying(150) NOT NULL
);


ALTER TABLE public.auth_group OWNER TO course_db_user;

--
-- TOC entry 220 (class 1259 OID 18132)
-- Name: auth_group_id_seq; Type: SEQUENCE; Schema: public; Owner: course_db_user
--

ALTER TABLE public.auth_group ALTER COLUMN id ADD GENERATED BY DEFAULT AS IDENTITY (
    SEQUENCE NAME public.auth_group_id_seq
    START WITH 1
    INCREMENT BY 1
    NO MINVALUE
    NO MAXVALUE
    CACHE 1
);


--
-- TOC entry 223 (class 1259 OID 18141)
-- Name: auth_group_permissions; Type: TABLE; Schema: public; Owner: course_db_user
--

CREATE TABLE public.auth_group_permissions (
    id bigint NOT NULL,
    group_id integer NOT NULL,
    permission_id integer NOT NULL
);


ALTER TABLE public.auth_group_permissions OWNER TO course_db_user;

--
-- TOC entry 222 (class 1259 OID 18140)
-- Name: auth_group_permissions_id_seq; Type: SEQUENCE; Schema: public; Owner: course_db_user
--

ALTER TABLE public.auth_group_permissions ALTER COLUMN id ADD GENERATED BY DEFAULT AS IDENTITY (
    SEQUENCE NAME public.auth_group_permissions_id_seq
    START WITH 1
    INCREMENT BY 1
    NO MINVALUE
    NO MAXVALUE
    CACHE 1
);


--
-- TOC entry 219 (class 1259 OID 18127)
-- Name: auth_permission; Type: TABLE; Schema: public; Owner: course_db_user
--

CREATE TABLE public.auth_permission (
    id integer NOT NULL,
    name character varying(255) NOT NULL,
    content_type_id integer NOT NULL,
    codename character varying(100) NOT NULL
);


ALTER TABLE public.auth_permission OWNER TO course_db_user;

--
-- TOC entry 218 (class 1259 OID 18126)
-- Name: auth_permission_id_seq; Type: SEQUENCE; Schema: public; Owner: course_db_user
--

ALTER TABLE public.auth_permission ALTER COLUMN id ADD GENERATED BY DEFAULT AS IDENTITY (
    SEQUENCE NAME public.auth_permission_id_seq
    START WITH 1
    INCREMENT BY 1
    NO MINVALUE
    NO MAXVALUE
    CACHE 1
);


--
-- TOC entry 225 (class 1259 OID 18147)
-- Name: auth_user; Type: TABLE; Schema: public; Owner: course_db_user
--

CREATE TABLE public.auth_user (
    id integer NOT NULL,
    password character varying(128) NOT NULL,
    last_login timestamp with time zone,
    is_superuser boolean NOT NULL,
    username character varying(150) NOT NULL,
    first_name character varying(150) NOT NULL,
    last_name character varying(150) NOT NULL,
    email character varying(254) NOT NULL,
    is_staff boolean NOT NULL,
    is_active boolean NOT NULL,
    date_joined timestamp with time zone NOT NULL
);


ALTER TABLE public.auth_user OWNER TO course_db_user;

--
-- TOC entry 227 (class 1259 OID 18155)
-- Name: auth_user_groups; Type: TABLE; Schema: public; Owner: course_db_user
--

CREATE TABLE public.auth_user_groups (
    id bigint NOT NULL,
    user_id integer NOT NULL,
    group_id integer NOT NULL
);


ALTER TABLE public.auth_user_groups OWNER TO course_db_user;

--
-- TOC entry 226 (class 1259 OID 18154)
-- Name: auth_user_groups_id_seq; Type: SEQUENCE; Schema: public; Owner: course_db_user
--

ALTER TABLE public.auth_user_groups ALTER COLUMN id ADD GENERATED BY DEFAULT AS IDENTITY (
    SEQUENCE NAME public.auth_user_groups_id_seq
    START WITH 1
    INCREMENT BY 1
    NO MINVALUE
    NO MAXVALUE
    CACHE 1
);


--
-- TOC entry 224 (class 1259 OID 18146)
-- Name: auth_user_id_seq; Type: SEQUENCE; Schema: public; Owner: course_db_user
--

ALTER TABLE public.auth_user ALTER COLUMN id ADD GENERATED BY DEFAULT AS IDENTITY (
    SEQUENCE NAME public.auth_user_id_seq
    START WITH 1
    INCREMENT BY 1
    NO MINVALUE
    NO MAXVALUE
    CACHE 1
);


--
-- TOC entry 229 (class 1259 OID 18161)
-- Name: auth_user_user_permissions; Type: TABLE; Schema: public; Owner: course_db_user
--

CREATE TABLE public.auth_user_user_permissions (
    id bigint NOT NULL,
    user_id integer NOT NULL,
    permission_id integer NOT NULL
);


ALTER TABLE public.auth_user_user_permissions OWNER TO course_db_user;

--
-- TOC entry 228 (class 1259 OID 18160)
-- Name: auth_user_user_permissions_id_seq; Type: SEQUENCE; Schema: public; Owner: course_db_user
--

ALTER TABLE public.auth_user_user_permissions ALTER COLUMN id ADD GENERATED BY DEFAULT AS IDENTITY (
    SEQUENCE NAME public.auth_user_user_permissions_id_seq
    START WITH 1
    INCREMENT BY 1
    NO MINVALUE
    NO MAXVALUE
    CACHE 1
);


--
-- TOC entry 231 (class 1259 OID 18219)
-- Name: django_admin_log; Type: TABLE; Schema: public; Owner: course_db_user
--

CREATE TABLE public.django_admin_log (
    id integer NOT NULL,
    action_time timestamp with time zone NOT NULL,
    object_id text,
    object_repr character varying(200) NOT NULL,
    action_flag smallint NOT NULL,
    change_message text NOT NULL,
    content_type_id integer,
    user_id integer NOT NULL,
    CONSTRAINT django_admin_log_action_flag_check CHECK ((action_flag >= 0))
);


ALTER TABLE public.django_admin_log OWNER TO course_db_user;

--
-- TOC entry 230 (class 1259 OID 18218)
-- Name: django_admin_log_id_seq; Type: SEQUENCE; Schema: public; Owner: course_db_user
--

ALTER TABLE public.django_admin_log ALTER COLUMN id ADD GENERATED BY DEFAULT AS IDENTITY (
    SEQUENCE NAME public.django_admin_log_id_seq
    START WITH 1
    INCREMENT BY 1
    NO MINVALUE
    NO MAXVALUE
    CACHE 1
);


--
-- TOC entry 217 (class 1259 OID 18119)
-- Name: django_content_type; Type: TABLE; Schema: public; Owner: course_db_user
--

CREATE TABLE public.django_content_type (
    id integer NOT NULL,
    app_label character varying(100) NOT NULL,
    model character varying(100) NOT NULL
);


ALTER TABLE public.django_content_type OWNER TO course_db_user;

--
-- TOC entry 216 (class 1259 OID 18118)
-- Name: django_content_type_id_seq; Type: SEQUENCE; Schema: public; Owner: course_db_user
--

ALTER TABLE public.django_content_type ALTER COLUMN id ADD GENERATED BY DEFAULT AS IDENTITY (
    SEQUENCE NAME public.django_content_type_id_seq
    START WITH 1
    INCREMENT BY 1
    NO MINVALUE
    NO MAXVALUE
    CACHE 1
);


--
-- TOC entry 215 (class 1259 OID 18111)
-- Name: django_migrations; Type: TABLE; Schema: public; Owner: course_db_user
--

CREATE TABLE public.django_migrations (
    id bigint NOT NULL,
    app character varying(255) NOT NULL,
    name character varying(255) NOT NULL,
    applied timestamp with time zone NOT NULL
);


ALTER TABLE public.django_migrations OWNER TO course_db_user;

--
-- TOC entry 214 (class 1259 OID 18110)
-- Name: django_migrations_id_seq; Type: SEQUENCE; Schema: public; Owner: course_db_user
--

ALTER TABLE public.django_migrations ALTER COLUMN id ADD GENERATED BY DEFAULT AS IDENTITY (
    SEQUENCE NAME public.django_migrations_id_seq
    START WITH 1
    INCREMENT BY 1
    NO MINVALUE
    NO MAXVALUE
    CACHE 1
);


--
-- TOC entry 243 (class 1259 OID 18356)
-- Name: django_session; Type: TABLE; Schema: public; Owner: course_db_user
--

CREATE TABLE public.django_session (
    session_key character varying(40) NOT NULL,
    session_data text NOT NULL,
    expire_date timestamp with time zone NOT NULL
);


ALTER TABLE public.django_session OWNER TO course_db_user;

--
-- TOC entry 234 (class 1259 OID 18257)
-- Name: info_characters; Type: TABLE; Schema: public; Owner: course_db_user
--

CREATE TABLE public.info_characters (
    entry_id bigint NOT NULL,
    strength smallint NOT NULL,
    will smallint NOT NULL,
    influence integer NOT NULL,
    observation integer NOT NULL,
    lore integer NOT NULL,
    loyalty character varying(300) NOT NULL,
    CONSTRAINT info_characters_influence_check CHECK ((influence >= 0)),
    CONSTRAINT info_characters_lore_check CHECK ((lore >= 0)),
    CONSTRAINT info_characters_observation_check CHECK ((observation >= 0)),
    CONSTRAINT info_characters_strength_check CHECK ((strength >= 0)),
    CONSTRAINT info_characters_will_check CHECK ((will >= 0))
);


ALTER TABLE public.info_characters OWNER TO course_db_user;

--
-- TOC entry 233 (class 1259 OID 18248)
-- Name: info_entries; Type: TABLE; Schema: public; Owner: course_db_user
--

CREATE TABLE public.info_entries (
    id bigint NOT NULL,
    title character varying(100) NOT NULL,
    slug character varying(50) NOT NULL,
    content text NOT NULL
);


ALTER TABLE public.info_entries OWNER TO course_db_user;

--
-- TOC entry 232 (class 1259 OID 18247)
-- Name: info_entries_id_seq; Type: SEQUENCE; Schema: public; Owner: course_db_user
--

ALTER TABLE public.info_entries ALTER COLUMN id ADD GENERATED BY DEFAULT AS IDENTITY (
    SEQUENCE NAME public.info_entries_id_seq
    START WITH 1
    INCREMENT BY 1
    NO MINVALUE
    NO MAXVALUE
    CACHE 1
);


--
-- TOC entry 239 (class 1259 OID 18290)
-- Name: info_forumusers; Type: TABLE; Schema: public; Owner: course_db_user
--

CREATE TABLE public.info_forumusers (
    id bigint NOT NULL,
    read_only boolean NOT NULL,
    user_id integer NOT NULL
);


ALTER TABLE public.info_forumusers OWNER TO course_db_user;

--
-- TOC entry 238 (class 1259 OID 18289)
-- Name: info_forumusers_id_seq; Type: SEQUENCE; Schema: public; Owner: course_db_user
--

ALTER TABLE public.info_forumusers ALTER COLUMN id ADD GENERATED BY DEFAULT AS IDENTITY (
    SEQUENCE NAME public.info_forumusers_id_seq
    START WITH 1
    INCREMENT BY 1
    NO MINVALUE
    NO MAXVALUE
    CACHE 1
);


--
-- TOC entry 235 (class 1259 OID 18267)
-- Name: info_items; Type: TABLE; Schema: public; Owner: course_db_user
--

CREATE TABLE public.info_items (
    entry_id bigint NOT NULL,
    effect text NOT NULL
);


ALTER TABLE public.info_items OWNER TO course_db_user;

--
-- TOC entry 236 (class 1259 OID 18274)
-- Name: info_locations; Type: TABLE; Schema: public; Owner: course_db_user
--

CREATE TABLE public.info_locations (
    entry_id bigint NOT NULL,
    number integer NOT NULL,
    effect text NOT NULL,
    CONSTRAINT info_locations_number_check CHECK ((number >= 0))
);


ALTER TABLE public.info_locations OWNER TO course_db_user;

--
-- TOC entry 240 (class 1259 OID 18297)
-- Name: info_quests; Type: TABLE; Schema: public; Owner: course_db_user
--

CREATE TABLE public.info_quests (
    entry_id bigint NOT NULL,
    crisis text NOT NULL,
    target_number integer NOT NULL,
    CONSTRAINT info_quests_target_number_check CHECK ((target_number >= 0))
);


ALTER TABLE public.info_quests OWNER TO course_db_user;

--
-- TOC entry 242 (class 1259 OID 18306)
-- Name: info_quests_items; Type: TABLE; Schema: public; Owner: course_db_user
--

CREATE TABLE public.info_quests_items (
    id bigint NOT NULL,
    quests_id bigint NOT NULL,
    items_id bigint NOT NULL
);


ALTER TABLE public.info_quests_items OWNER TO course_db_user;

--
-- TOC entry 241 (class 1259 OID 18305)
-- Name: info_quests_items_id_seq; Type: SEQUENCE; Schema: public; Owner: course_db_user
--

ALTER TABLE public.info_quests_items ALTER COLUMN id ADD GENERATED BY DEFAULT AS IDENTITY (
    SEQUENCE NAME public.info_quests_items_id_seq
    START WITH 1
    INCREMENT BY 1
    NO MINVALUE
    NO MAXVALUE
    CACHE 1
);


--
-- TOC entry 237 (class 1259 OID 18282)
-- Name: info_spells; Type: TABLE; Schema: public; Owner: course_db_user
--

CREATE TABLE public.info_spells (
    entry_id bigint NOT NULL,
    effect text NOT NULL
);


ALTER TABLE public.info_spells OWNER TO course_db_user;

--
-- TOC entry 3498 (class 0 OID 18133)
-- Dependencies: 221
-- Data for Name: auth_group; Type: TABLE DATA; Schema: public; Owner: course_db_user
--

COPY public.auth_group (id, name) FROM stdin;
\.


--
-- TOC entry 3500 (class 0 OID 18141)
-- Dependencies: 223
-- Data for Name: auth_group_permissions; Type: TABLE DATA; Schema: public; Owner: course_db_user
--

COPY public.auth_group_permissions (id, group_id, permission_id) FROM stdin;
\.


--
-- TOC entry 3496 (class 0 OID 18127)
-- Dependencies: 219
-- Data for Name: auth_permission; Type: TABLE DATA; Schema: public; Owner: course_db_user
--

COPY public.auth_permission (id, name, content_type_id, codename) FROM stdin;
1	Can add log entry	1	add_logentry
2	Can change log entry	1	change_logentry
3	Can delete log entry	1	delete_logentry
4	Can view log entry	1	view_logentry
5	Can add permission	2	add_permission
6	Can change permission	2	change_permission
7	Can delete permission	2	delete_permission
8	Can view permission	2	view_permission
9	Can add group	3	add_group
10	Can change group	3	change_group
11	Can delete group	3	delete_group
12	Can view group	3	view_group
13	Can add user	4	add_user
14	Can change user	4	change_user
15	Can delete user	4	delete_user
16	Can view user	4	view_user
17	Can add content type	5	add_contenttype
18	Can change content type	5	change_contenttype
19	Can delete content type	5	delete_contenttype
20	Can view content type	5	view_contenttype
21	Can add session	6	add_session
22	Can change session	6	change_session
23	Can delete session	6	delete_session
24	Can view session	6	view_session
25	Can add entries	7	add_entries
26	Can change entries	7	change_entries
27	Can delete entries	7	delete_entries
28	Can view entries	7	view_entries
29	Can add characters	8	add_characters
30	Can change characters	8	change_characters
31	Can delete characters	8	delete_characters
32	Can view characters	8	view_characters
33	Can add items	9	add_items
34	Can change items	9	change_items
35	Can delete items	9	delete_items
36	Can view items	9	view_items
37	Can add locations	10	add_locations
38	Can change locations	10	change_locations
39	Can delete locations	10	delete_locations
40	Can view locations	10	view_locations
41	Can add spells	11	add_spells
42	Can change spells	11	change_spells
43	Can delete spells	11	delete_spells
44	Can view spells	11	view_spells
45	Can add forum users	12	add_forumusers
46	Can change forum users	12	change_forumusers
47	Can delete forum users	12	delete_forumusers
48	Can view forum users	12	view_forumusers
49	Can add quests	13	add_quests
50	Can change quests	13	change_quests
51	Can delete quests	13	delete_quests
52	Can view quests	13	view_quests
\.


--
-- TOC entry 3502 (class 0 OID 18147)
-- Dependencies: 225
-- Data for Name: auth_user; Type: TABLE DATA; Schema: public; Owner: course_db_user
--

COPY public.auth_user (id, password, last_login, is_superuser, username, first_name, last_name, email, is_staff, is_active, date_joined) FROM stdin;
2	pbkdf2_sha256$390000$IcI6VKb4OJvj8PDsDQgWOp$iFdrc8rxlmxD3cfG6rEgLBrxo1o2y8x9um3d9uhLP38=	2023-03-27 01:04:18.28108+03	f	UwU				f	t	2023-03-27 01:04:17.950047+03
3	pbkdf2_sha256$390000$8hkXaibZXBlVgEnFP2EX2d$+hlHKQVcuhyuJJI/00Od9a6k+6vl3YzJJONfhbW07Xg=	2023-03-27 01:27:47.442556+03	f	ASS				f	t	2023-03-27 01:27:26.559908+03
4	pbkdf2_sha256$390000$xjh5KqZiUtcX6cbK1x0WKx$IbzgK5txIBVPlVsWfLRudO6wIA71kU1z54c/phPnuyk=	2023-03-27 03:34:12.938316+03	f	Test_user				f	t	2023-03-27 03:34:12.585369+03
1	pbkdf2_sha256$390000$ZMwasCUEtah4FQKcIG7Ukh$bMBSKtoPmBLTNkpZAT1jfrcHGJ74sb2HOrTzTed/xUM=	2023-03-30 00:44:13.567644+03	t	course_db_user			qw@qw.com	t	t	2023-03-27 01:01:45.852772+03
\.


--
-- TOC entry 3504 (class 0 OID 18155)
-- Dependencies: 227
-- Data for Name: auth_user_groups; Type: TABLE DATA; Schema: public; Owner: course_db_user
--

COPY public.auth_user_groups (id, user_id, group_id) FROM stdin;
\.


--
-- TOC entry 3506 (class 0 OID 18161)
-- Dependencies: 229
-- Data for Name: auth_user_user_permissions; Type: TABLE DATA; Schema: public; Owner: course_db_user
--

COPY public.auth_user_user_permissions (id, user_id, permission_id) FROM stdin;
\.


--
-- TOC entry 3508 (class 0 OID 18219)
-- Dependencies: 231
-- Data for Name: django_admin_log; Type: TABLE DATA; Schema: public; Owner: course_db_user
--

COPY public.django_admin_log (id, action_time, object_id, object_repr, action_flag, change_message, content_type_id, user_id) FROM stdin;
1	2023-03-27 01:31:09.149595+03	1	sa	1	[{"added": {}}]	7	1
2	2023-03-27 01:31:12.483549+03	1	sa	1	[{"added": {}}]	9	1
3	2023-03-27 03:36:01.857763+03	1	sa	3		9	1
4	2023-03-27 03:36:20.246307+03	3	ASS	3		12	1
5	2023-03-27 03:36:32.029803+03	1	sa	3		7	1
6	2023-03-27 03:37:55.755796+03	2	Эдмунд	1	[{"added": {}}]	7	1
7	2023-03-27 03:38:20.001346+03	2	Эдмунд	1	[{"added": {}}]	8	1
8	2023-03-27 03:38:41.056616+03	3	Джейми	1	[{"added": {}}]	7	1
9	2023-03-27 03:39:10.046802+03	3	Джейми	1	[{"added": {}}]	8	1
10	2023-03-27 03:39:13.749105+03	3	Джейми	2	[]	8	1
11	2023-03-27 03:39:59.176887+03	4	Кейлани	1	[{"added": {}}]	7	1
12	2023-03-27 03:40:17.834604+03	4	Кейлани	1	[{"added": {}}]	8	1
13	2023-03-27 03:40:29.192173+03	5	Жанна	1	[{"added": {}}]	7	1
14	2023-03-27 03:40:46.793789+03	5	Жанна	1	[{"added": {}}]	8	1
15	2023-03-27 03:41:00.434908+03	6	Арджун	1	[{"added": {}}]	7	1
16	2023-03-27 03:41:16.590545+03	6	Арджун	1	[{"added": {}}]	8	1
17	2023-03-27 03:41:28.488948+03	5	Жанна	2	[{"changed": {"fields": ["Loyalty"]}}]	8	1
18	2023-03-27 03:41:52.802812+03	7	Самира	1	[{"added": {}}]	7	1
19	2023-03-27 03:42:04.325361+03	7	Самира	1	[{"added": {}}]	8	1
20	2023-03-27 03:42:36.316814+03	8	Светлана	1	[{"added": {}}]	7	1
21	2023-03-27 03:43:02.793566+03	8	Светлана	1	[{"added": {}}]	8	1
22	2023-03-27 03:44:20.811642+03	9	Беатрис	1	[{"added": {}}]	7	1
23	2023-03-27 03:44:38.32262+03	9	Беатрис	1	[{"added": {}}]	8	1
24	2023-03-27 03:45:00.270139+03	10	Уильям	1	[{"added": {}}]	7	1
25	2023-03-27 03:45:12.147355+03	10	Уильям	1	[{"added": {}}]	8	1
26	2023-03-27 03:46:01.253295+03	11	Ишмаэль Марш	1	[{"added": {}}]	7	1
27	2023-03-27 03:46:14.259962+03	11	Ишмаэль Марш	1	[{"added": {}}]	8	1
28	2023-03-27 03:49:02.607451+03	12	Организаванный ритуал	1	[{"added": {}}]	7	1
29	2023-03-27 03:49:11.143443+03	12	Организованный ритуал	2	[{"changed": {"fields": ["Title"]}}]	7	1
30	2023-03-27 03:50:43.53956+03	12	Организованный ритуал	1	[{"added": {}}]	13	1
31	2023-03-27 03:53:17.037984+03	13	Граната из жестяной банки	1	[{"added": {}}]	7	1
32	2023-03-27 03:53:49.328822+03	13	Граната из жестяной банки	1	[{"added": {}}]	9	1
33	2023-03-27 03:54:03.329334+03	14	Загадочный текст	1	[{"added": {}}]	7	1
34	2023-03-27 03:54:07.324441+03	14	Загадочный текст	2	[{"changed": {"fields": ["Content"]}}]	7	1
35	2023-03-27 03:54:22.275186+03	14	Загадочный текст	1	[{"added": {}}]	9	1
36	2023-03-27 03:54:43.856946+03	15	Кеды	1	[{"added": {}}]	7	1
37	2023-03-27 03:55:07.848466+03	15	Кеды	1	[{"added": {}}]	9	1
38	2023-03-27 03:55:20.718608+03	16	Карманный пистолет	1	[{"added": {}}]	7	1
39	2023-03-27 03:56:00.140864+03	16	Карманный пистолет	1	[{"added": {}}]	9	1
40	2023-03-27 03:56:31.021861+03	17	Рупор	1	[{"added": {}}]	7	1
41	2023-03-27 03:57:35.360907+03	17	Рупор	3		7	1
42	2023-03-27 03:57:47.57611+03	18	Рупор	1	[{"added": {}}]	7	1
43	2023-03-27 03:57:49.580667+03	18	Рупор	1	[{"added": {}}]	9	1
44	2023-03-27 03:58:02.272733+03	19	Дорожная аптечка	1	[{"added": {}}]	7	1
45	2023-03-27 03:58:46.333789+03	19	Дорожная аптечка	1	[{"added": {}}]	9	1
46	2023-03-27 03:59:17.182721+03	20	Ценный сувенир	1	[{"added": {}}]	7	1
47	2023-03-27 03:59:25.84169+03	20	Ценный сувенир	1	[{"added": {}}]	9	1
48	2023-03-27 04:00:08.203208+03	21	Мостик	1	[{"added": {}}]	7	1
49	2023-03-27 04:01:15.462644+03	21	Мостик	1	[{"added": {}}]	10	1
50	2023-03-27 04:01:23.244846+03	22	Палуба	1	[{"added": {}}]	7	1
51	2023-03-27 04:01:31.899816+03	22	Палуба	1	[{"added": {}}]	10	1
52	2023-03-27 04:01:39.541246+03	23	Часовня	1	[{"added": {}}]	7	1
53	2023-03-27 04:03:34.43462+03	23	Часовня	1	[{"added": {}}]	10	1
54	2023-03-27 04:03:43.994102+03	24	Каюта капитана	1	[{"added": {}}]	7	1
55	2023-03-27 04:04:40.713932+03	24	Каюта капитана	1	[{"added": {}}]	10	1
56	2023-03-27 04:04:55.357418+03	25	Грузовой отсек	1	[{"added": {}}]	7	1
57	2023-03-27 04:05:11.571522+03	25	Грузовой отсек	1	[{"added": {}}]	10	1
58	2023-03-27 04:05:21.232364+03	26	Карцер	1	[{"added": {}}]	7	1
59	2023-03-27 04:05:52.374579+03	26	Карцер	1	[{"added": {}}]	10	1
60	2023-03-27 04:06:37.729815+03	27	Алхимическая трансмутация	1	[{"added": {}}]	7	1
61	2023-03-27 04:06:55.701364+03	27	Алхимическая трансмутация	1	[{"added": {}}]	11	1
62	2023-03-27 04:07:06.860386+03	28	Пища для ума	1	[{"added": {}}]	7	1
63	2023-03-27 04:07:29.977508+03	28	Пища для ума	1	[{"added": {}}]	11	1
64	2023-03-27 04:08:01.885337+03	29	Заманить монстра	1	[{"added": {}}]	7	1
65	2023-03-27 04:08:35.211015+03	29	Заманить монстра	1	[{"added": {}}]	11	1
66	2023-03-27 04:11:02.371639+03	30	Голос Ра	1	[{"added": {}}]	7	1
67	2023-03-27 04:11:25.150984+03	30	Голос Ра	1	[{"added": {}}]	11	1
68	2023-03-27 04:13:24.905315+03	31	Нападение крыс	1	[{"added": {}}]	7	1
69	2023-03-27 04:13:58.730594+03	31	Нападение крыс	1	[{"added": {}}]	13	1
70	2023-03-27 04:14:08.907662+03	12	Организованный ритуал	2	[{"changed": {"fields": ["Items"]}}]	13	1
71	2023-03-27 04:14:43.317367+03	31	Нападение крыс	2	[{"changed": {"fields": ["Items"]}}]	13	1
72	2023-03-27 04:15:35.32667+03	32	Пожар на борту	1	[{"added": {}}]	7	1
73	2023-03-27 04:16:15.379009+03	32	Пожар на борту	1	[{"added": {}}]	13	1
74	2023-03-27 04:16:40.168683+03	33	Наступление	1	[{"added": {}}]	7	1
75	2023-03-27 04:17:14.169632+03	33	Наступление	1	[{"added": {}}]	13	1
76	2023-03-27 04:18:03.716866+03	34	Сломанный дистиллятор	1	[{"added": {}}]	7	1
77	2023-03-27 04:18:39.417808+03	34	Сломанный дистиллятор	1	[{"added": {}}]	13	1
\.


--
-- TOC entry 3494 (class 0 OID 18119)
-- Dependencies: 217
-- Data for Name: django_content_type; Type: TABLE DATA; Schema: public; Owner: course_db_user
--

COPY public.django_content_type (id, app_label, model) FROM stdin;
1	admin	logentry
2	auth	permission
3	auth	group
4	auth	user
5	contenttypes	contenttype
6	sessions	session
7	info	entries
8	info	characters
9	info	items
10	info	locations
11	info	spells
12	info	forumusers
13	info	quests
\.


--
-- TOC entry 3492 (class 0 OID 18111)
-- Dependencies: 215
-- Data for Name: django_migrations; Type: TABLE DATA; Schema: public; Owner: course_db_user
--

COPY public.django_migrations (id, app, name, applied) FROM stdin;
1	contenttypes	0001_initial	2023-03-27 00:42:21.73707+03
2	auth	0001_initial	2023-03-27 00:42:21.823785+03
3	admin	0001_initial	2023-03-27 00:42:21.847053+03
4	admin	0002_logentry_remove_auto_add	2023-03-27 00:42:21.853041+03
5	admin	0003_logentry_add_action_flag_choices	2023-03-27 00:42:21.858026+03
6	contenttypes	0002_remove_content_type_name	2023-03-27 00:42:21.871014+03
7	auth	0002_alter_permission_name_max_length	2023-03-27 00:42:21.876949+03
8	auth	0003_alter_user_email_max_length	2023-03-27 00:42:21.883369+03
9	auth	0004_alter_user_username_opts	2023-03-27 00:42:21.889632+03
10	auth	0005_alter_user_last_login_null	2023-03-27 00:42:21.895596+03
11	auth	0006_require_contenttypes_0002	2023-03-27 00:42:21.897591+03
12	auth	0007_alter_validators_add_error_messages	2023-03-27 00:42:21.904571+03
13	auth	0008_alter_user_username_max_length	2023-03-27 00:42:21.917142+03
14	auth	0009_alter_user_last_name_max_length	2023-03-27 00:42:21.923125+03
15	auth	0010_alter_group_name_max_length	2023-03-27 00:42:21.931084+03
16	auth	0011_update_proxy_permissions	2023-03-27 00:42:21.937088+03
17	auth	0012_alter_user_first_name_max_length	2023-03-27 00:42:21.943052+03
18	info	0001_initial	2023-03-27 00:42:22.033707+03
19	sessions	0001_initial	2023-03-27 00:42:22.04767+03
\.


--
-- TOC entry 3520 (class 0 OID 18356)
-- Dependencies: 243
-- Data for Name: django_session; Type: TABLE DATA; Schema: public; Owner: course_db_user
--

COPY public.django_session (session_key, session_data, expire_date) FROM stdin;
8fp0hlbiod8orrixm63uilq04s7q3gsw	.eJxVjDsOwyAQBe9CHSEw_5TpfQa0y0JwEmHJ2FWUu0dILpL2zcx7swjHXuPR8xYXYlcm2eV3Q0jP3AagB7T7ytPa9m1BPhR-0s7nlfLrdrp_BxV6HTWoySnndUApEZWFBEmUMmF2pEh5MhRIo_HOBms0UNECCiqRDFDy7PMF9944vQ:1phdaX:KTPjXFRuTlM6kRkMrJ_cN5hBSqMkKwZaZjClC3tUFsc	2023-04-13 00:44:13.580198+03
\.


--
-- TOC entry 3511 (class 0 OID 18257)
-- Dependencies: 234
-- Data for Name: info_characters; Type: TABLE DATA; Schema: public; Owner: course_db_user
--

COPY public.info_characters (entry_id, strength, will, influence, observation, lore, loyalty) FROM stdin;
2	1	1	1	1	1	Human
3	3	2	0	0	0	Human
4	0	2	3	0	0	Hybrid
6	2	0	2	1	0	Human
5	2	0	1	2	0	Hybrid
7	0	2	0	2	1	Hybrid
8	0	0	2	2	1	Human
9	0	0	1	2	2	Human
10	0	2	0	0	3	Hybrid
11	2	1	0	0	2	Human
\.


--
-- TOC entry 3510 (class 0 OID 18248)
-- Dependencies: 233
-- Data for Name: info_entries; Type: TABLE DATA; Schema: public; Owner: course_db_user
--

COPY public.info_entries (id, title, slug, content) FROM stdin;
2	Эдмунд	edmund	
3	Джейми	dzhejmi	
4	Кейлани	kejlani	
5	Жанна	zhanna	
6	Арджун	ardzhun	
7	Самира	samira	
8	Светлана	svetlana	
9	Беатрис	beatris	
10	Уильям	uilyam	
11	Ишмаэль Марш	ishmael-marsh	
12	Организованный ритуал	organizavannyj-ritual	
13	Граната из жестяной банки	granata-iz-zhestyanoj-banki	
14	Загадочный текст	zagadochnyj-tekst	
15	Кеды	kedy	
16	Карманный пистолет	karmannyj-pistolet	
18	Рупор	rupor	
19	Дорожная аптечка	dorozhnaya-aptechka	
20	Ценный сувенир	cennyj-suvenir	
21	Мостик	mostik	
22	Палуба	paluba	
23	Часовня	chasovnya	
24	Каюта капитана	kayuta-kapitana	
25	Грузовой отсек	gruzovoj-otsek	
26	Карцер	karcer	
27	Алхимическая трансмутация	alhimicheskaya-transmutaciya	
28	Пища для ума	pisha-dlya-uma	
29	Заманить монстра	zamanit-monstra	
30	Голос Ра	golos-ra	
31	Нападение крыс	napadenie-krys	
32	Пожар на борту	pozhar-na-bortu	
33	Наступление	nastuplenie	
34	Сломанный дистиллятор	slomannyj-distillyator	
\.


--
-- TOC entry 3516 (class 0 OID 18290)
-- Dependencies: 239
-- Data for Name: info_forumusers; Type: TABLE DATA; Schema: public; Owner: course_db_user
--

COPY public.info_forumusers (id, read_only, user_id) FROM stdin;
2	f	2
4	f	4
1	f	1
\.


--
-- TOC entry 3512 (class 0 OID 18267)
-- Dependencies: 235
-- Data for Name: info_items; Type: TABLE DATA; Schema: public; Owner: course_db_user
--

COPY public.info_items (entry_id, effect) FROM stdin;
13	Действие: поедите каждого монстра, персонажа и пассажира в одной области
14	+1 / Знания
15	Действие: передвиньтесь в смежную область
16	Действие: атакуйте врага в своей области.
18	Действие: спасите каждого пассажира в своей и в смежной области
19	Когда пассажир в вашей или смежной области побежден, вместо этого можете спасти этого пассажира.
20	+1 / Воля
\.


--
-- TOC entry 3513 (class 0 OID 18274)
-- Dependencies: 236
-- Data for Name: info_locations; Type: TABLE DATA; Schema: public; Owner: course_db_user
--

COPY public.info_locations (entry_id, number, effect) FROM stdin;
21	2	Действие: рскните пассажиром чтобы посмотреть 2 верхние карты мифов.
22	1	Появляются глубоководные
23	3	Действие: передвиньте жетон ритуала на 1 деление назад.
24	4	Действие: выберите игрока-человека, проведите проверку навыка и если она была успешной, переместите его в карцер.
25	5	Действие: возьмите карту вещи.
26	6	Действие: пройдите проверку навыка, чтобы выйти из карцера.
\.


--
-- TOC entry 3517 (class 0 OID 18297)
-- Dependencies: 240
-- Data for Name: info_quests; Type: TABLE DATA; Schema: public; Owner: course_db_user
--

COPY public.info_quests (entry_id, crisis, target_number) FROM stdin;
12	Пассажиру нужна ваша помощь в проведении ритуала изгнания.	9
31	До продовольственных припасов добрались крысы	12
32	На судне бушует пламя. Если его не остановить, оно перекинется на весь корабль	11
33	При помощи организованной атаки вы можете прогнат глубоконодных из подпалубных отсеков	10
34	Дистиллятор, превращающий морскую воду в пресную сломался, а пресная вода жизненно необходима	11
\.


--
-- TOC entry 3519 (class 0 OID 18306)
-- Dependencies: 242
-- Data for Name: info_quests_items; Type: TABLE DATA; Schema: public; Owner: course_db_user
--

COPY public.info_quests_items (id, quests_id, items_id) FROM stdin;
1	31	16
2	12	14
3	31	13
4	31	14
5	31	15
\.


--
-- TOC entry 3514 (class 0 OID 18282)
-- Dependencies: 237
-- Data for Name: info_spells; Type: TABLE DATA; Schema: public; Owner: course_db_user
--

COPY public.info_spells (entry_id, effect) FROM stdin;
27	Снизьте припасы на 1, чтобы повысить топливо на 2
28	Снизьте припасы на 1, чтобы повысить рассудок на 2
29	Передвиньте каждого монарха в пучину, а затем повысьте рассудок на 1
30	Каждый игрок-человек берет 1 карту из любой колоды навыка по своему выбору
\.


--
-- TOC entry 3526 (class 0 OID 0)
-- Dependencies: 220
-- Name: auth_group_id_seq; Type: SEQUENCE SET; Schema: public; Owner: course_db_user
--

SELECT pg_catalog.setval('public.auth_group_id_seq', 1, false);


--
-- TOC entry 3527 (class 0 OID 0)
-- Dependencies: 222
-- Name: auth_group_permissions_id_seq; Type: SEQUENCE SET; Schema: public; Owner: course_db_user
--

SELECT pg_catalog.setval('public.auth_group_permissions_id_seq', 1, false);


--
-- TOC entry 3528 (class 0 OID 0)
-- Dependencies: 218
-- Name: auth_permission_id_seq; Type: SEQUENCE SET; Schema: public; Owner: course_db_user
--

SELECT pg_catalog.setval('public.auth_permission_id_seq', 52, true);


--
-- TOC entry 3529 (class 0 OID 0)
-- Dependencies: 226
-- Name: auth_user_groups_id_seq; Type: SEQUENCE SET; Schema: public; Owner: course_db_user
--

SELECT pg_catalog.setval('public.auth_user_groups_id_seq', 1, false);


--
-- TOC entry 3530 (class 0 OID 0)
-- Dependencies: 224
-- Name: auth_user_id_seq; Type: SEQUENCE SET; Schema: public; Owner: course_db_user
--

SELECT pg_catalog.setval('public.auth_user_id_seq', 4, true);


--
-- TOC entry 3531 (class 0 OID 0)
-- Dependencies: 228
-- Name: auth_user_user_permissions_id_seq; Type: SEQUENCE SET; Schema: public; Owner: course_db_user
--

SELECT pg_catalog.setval('public.auth_user_user_permissions_id_seq', 1, false);


--
-- TOC entry 3532 (class 0 OID 0)
-- Dependencies: 230
-- Name: django_admin_log_id_seq; Type: SEQUENCE SET; Schema: public; Owner: course_db_user
--

SELECT pg_catalog.setval('public.django_admin_log_id_seq', 77, true);


--
-- TOC entry 3533 (class 0 OID 0)
-- Dependencies: 216
-- Name: django_content_type_id_seq; Type: SEQUENCE SET; Schema: public; Owner: course_db_user
--

SELECT pg_catalog.setval('public.django_content_type_id_seq', 13, true);


--
-- TOC entry 3534 (class 0 OID 0)
-- Dependencies: 214
-- Name: django_migrations_id_seq; Type: SEQUENCE SET; Schema: public; Owner: course_db_user
--

SELECT pg_catalog.setval('public.django_migrations_id_seq', 19, true);


--
-- TOC entry 3535 (class 0 OID 0)
-- Dependencies: 232
-- Name: info_entries_id_seq; Type: SEQUENCE SET; Schema: public; Owner: course_db_user
--

SELECT pg_catalog.setval('public.info_entries_id_seq', 34, true);


--
-- TOC entry 3536 (class 0 OID 0)
-- Dependencies: 238
-- Name: info_forumusers_id_seq; Type: SEQUENCE SET; Schema: public; Owner: course_db_user
--

SELECT pg_catalog.setval('public.info_forumusers_id_seq', 4, true);


--
-- TOC entry 3537 (class 0 OID 0)
-- Dependencies: 241
-- Name: info_quests_items_id_seq; Type: SEQUENCE SET; Schema: public; Owner: course_db_user
--

SELECT pg_catalog.setval('public.info_quests_items_id_seq', 5, true);


--
-- TOC entry 3273 (class 2606 OID 18245)
-- Name: auth_group auth_group_name_key; Type: CONSTRAINT; Schema: public; Owner: course_db_user
--

ALTER TABLE ONLY public.auth_group
    ADD CONSTRAINT auth_group_name_key UNIQUE (name);


--
-- TOC entry 3278 (class 2606 OID 18176)
-- Name: auth_group_permissions auth_group_permissions_group_id_permission_id_0cd325b0_uniq; Type: CONSTRAINT; Schema: public; Owner: course_db_user
--

ALTER TABLE ONLY public.auth_group_permissions
    ADD CONSTRAINT auth_group_permissions_group_id_permission_id_0cd325b0_uniq UNIQUE (group_id, permission_id);


--
-- TOC entry 3281 (class 2606 OID 18145)
-- Name: auth_group_permissions auth_group_permissions_pkey; Type: CONSTRAINT; Schema: public; Owner: course_db_user
--

ALTER TABLE ONLY public.auth_group_permissions
    ADD CONSTRAINT auth_group_permissions_pkey PRIMARY KEY (id);


--
-- TOC entry 3275 (class 2606 OID 18137)
-- Name: auth_group auth_group_pkey; Type: CONSTRAINT; Schema: public; Owner: course_db_user
--

ALTER TABLE ONLY public.auth_group
    ADD CONSTRAINT auth_group_pkey PRIMARY KEY (id);


--
-- TOC entry 3268 (class 2606 OID 18167)
-- Name: auth_permission auth_permission_content_type_id_codename_01ab375a_uniq; Type: CONSTRAINT; Schema: public; Owner: course_db_user
--

ALTER TABLE ONLY public.auth_permission
    ADD CONSTRAINT auth_permission_content_type_id_codename_01ab375a_uniq UNIQUE (content_type_id, codename);


--
-- TOC entry 3270 (class 2606 OID 18131)
-- Name: auth_permission auth_permission_pkey; Type: CONSTRAINT; Schema: public; Owner: course_db_user
--

ALTER TABLE ONLY public.auth_permission
    ADD CONSTRAINT auth_permission_pkey PRIMARY KEY (id);


--
-- TOC entry 3289 (class 2606 OID 18159)
-- Name: auth_user_groups auth_user_groups_pkey; Type: CONSTRAINT; Schema: public; Owner: course_db_user
--

ALTER TABLE ONLY public.auth_user_groups
    ADD CONSTRAINT auth_user_groups_pkey PRIMARY KEY (id);


--
-- TOC entry 3292 (class 2606 OID 18191)
-- Name: auth_user_groups auth_user_groups_user_id_group_id_94350c0c_uniq; Type: CONSTRAINT; Schema: public; Owner: course_db_user
--

ALTER TABLE ONLY public.auth_user_groups
    ADD CONSTRAINT auth_user_groups_user_id_group_id_94350c0c_uniq UNIQUE (user_id, group_id);


--
-- TOC entry 3283 (class 2606 OID 18151)
-- Name: auth_user auth_user_pkey; Type: CONSTRAINT; Schema: public; Owner: course_db_user
--

ALTER TABLE ONLY public.auth_user
    ADD CONSTRAINT auth_user_pkey PRIMARY KEY (id);


--
-- TOC entry 3295 (class 2606 OID 18165)
-- Name: auth_user_user_permissions auth_user_user_permissions_pkey; Type: CONSTRAINT; Schema: public; Owner: course_db_user
--

ALTER TABLE ONLY public.auth_user_user_permissions
    ADD CONSTRAINT auth_user_user_permissions_pkey PRIMARY KEY (id);


--
-- TOC entry 3298 (class 2606 OID 18205)
-- Name: auth_user_user_permissions auth_user_user_permissions_user_id_permission_id_14a6b632_uniq; Type: CONSTRAINT; Schema: public; Owner: course_db_user
--

ALTER TABLE ONLY public.auth_user_user_permissions
    ADD CONSTRAINT auth_user_user_permissions_user_id_permission_id_14a6b632_uniq UNIQUE (user_id, permission_id);


--
-- TOC entry 3286 (class 2606 OID 18240)
-- Name: auth_user auth_user_username_key; Type: CONSTRAINT; Schema: public; Owner: course_db_user
--

ALTER TABLE ONLY public.auth_user
    ADD CONSTRAINT auth_user_username_key UNIQUE (username);


--
-- TOC entry 3301 (class 2606 OID 18226)
-- Name: django_admin_log django_admin_log_pkey; Type: CONSTRAINT; Schema: public; Owner: course_db_user
--

ALTER TABLE ONLY public.django_admin_log
    ADD CONSTRAINT django_admin_log_pkey PRIMARY KEY (id);


--
-- TOC entry 3263 (class 2606 OID 18125)
-- Name: django_content_type django_content_type_app_label_model_76bd3d3b_uniq; Type: CONSTRAINT; Schema: public; Owner: course_db_user
--

ALTER TABLE ONLY public.django_content_type
    ADD CONSTRAINT django_content_type_app_label_model_76bd3d3b_uniq UNIQUE (app_label, model);


--
-- TOC entry 3265 (class 2606 OID 18123)
-- Name: django_content_type django_content_type_pkey; Type: CONSTRAINT; Schema: public; Owner: course_db_user
--

ALTER TABLE ONLY public.django_content_type
    ADD CONSTRAINT django_content_type_pkey PRIMARY KEY (id);


--
-- TOC entry 3261 (class 2606 OID 18117)
-- Name: django_migrations django_migrations_pkey; Type: CONSTRAINT; Schema: public; Owner: course_db_user
--

ALTER TABLE ONLY public.django_migrations
    ADD CONSTRAINT django_migrations_pkey PRIMARY KEY (id);


--
-- TOC entry 3330 (class 2606 OID 18362)
-- Name: django_session django_session_pkey; Type: CONSTRAINT; Schema: public; Owner: course_db_user
--

ALTER TABLE ONLY public.django_session
    ADD CONSTRAINT django_session_pkey PRIMARY KEY (session_key);


--
-- TOC entry 3309 (class 2606 OID 18266)
-- Name: info_characters info_characters_pkey; Type: CONSTRAINT; Schema: public; Owner: course_db_user
--

ALTER TABLE ONLY public.info_characters
    ADD CONSTRAINT info_characters_pkey PRIMARY KEY (entry_id);


--
-- TOC entry 3304 (class 2606 OID 18254)
-- Name: info_entries info_entries_pkey; Type: CONSTRAINT; Schema: public; Owner: course_db_user
--

ALTER TABLE ONLY public.info_entries
    ADD CONSTRAINT info_entries_pkey PRIMARY KEY (id);


--
-- TOC entry 3307 (class 2606 OID 18256)
-- Name: info_entries info_entries_slug_key; Type: CONSTRAINT; Schema: public; Owner: course_db_user
--

ALTER TABLE ONLY public.info_entries
    ADD CONSTRAINT info_entries_slug_key UNIQUE (slug);


--
-- TOC entry 3317 (class 2606 OID 18294)
-- Name: info_forumusers info_forumusers_pkey; Type: CONSTRAINT; Schema: public; Owner: course_db_user
--

ALTER TABLE ONLY public.info_forumusers
    ADD CONSTRAINT info_forumusers_pkey PRIMARY KEY (id);


--
-- TOC entry 3319 (class 2606 OID 18296)
-- Name: info_forumusers info_forumusers_user_id_key; Type: CONSTRAINT; Schema: public; Owner: course_db_user
--

ALTER TABLE ONLY public.info_forumusers
    ADD CONSTRAINT info_forumusers_user_id_key UNIQUE (user_id);


--
-- TOC entry 3311 (class 2606 OID 18273)
-- Name: info_items info_items_pkey; Type: CONSTRAINT; Schema: public; Owner: course_db_user
--

ALTER TABLE ONLY public.info_items
    ADD CONSTRAINT info_items_pkey PRIMARY KEY (entry_id);


--
-- TOC entry 3313 (class 2606 OID 18281)
-- Name: info_locations info_locations_pkey; Type: CONSTRAINT; Schema: public; Owner: course_db_user
--

ALTER TABLE ONLY public.info_locations
    ADD CONSTRAINT info_locations_pkey PRIMARY KEY (entry_id);


--
-- TOC entry 3324 (class 2606 OID 18310)
-- Name: info_quests_items info_quests_items_pkey; Type: CONSTRAINT; Schema: public; Owner: course_db_user
--

ALTER TABLE ONLY public.info_quests_items
    ADD CONSTRAINT info_quests_items_pkey PRIMARY KEY (id);


--
-- TOC entry 3327 (class 2606 OID 18343)
-- Name: info_quests_items info_quests_items_quests_id_items_id_81e55839_uniq; Type: CONSTRAINT; Schema: public; Owner: course_db_user
--

ALTER TABLE ONLY public.info_quests_items
    ADD CONSTRAINT info_quests_items_quests_id_items_id_81e55839_uniq UNIQUE (quests_id, items_id);


--
-- TOC entry 3321 (class 2606 OID 18304)
-- Name: info_quests info_quests_pkey; Type: CONSTRAINT; Schema: public; Owner: course_db_user
--

ALTER TABLE ONLY public.info_quests
    ADD CONSTRAINT info_quests_pkey PRIMARY KEY (entry_id);


--
-- TOC entry 3315 (class 2606 OID 18288)
-- Name: info_spells info_spells_pkey; Type: CONSTRAINT; Schema: public; Owner: course_db_user
--

ALTER TABLE ONLY public.info_spells
    ADD CONSTRAINT info_spells_pkey PRIMARY KEY (entry_id);


--
-- TOC entry 3271 (class 1259 OID 18246)
-- Name: auth_group_name_a6ea08ec_like; Type: INDEX; Schema: public; Owner: course_db_user
--

CREATE INDEX auth_group_name_a6ea08ec_like ON public.auth_group USING btree (name varchar_pattern_ops);


--
-- TOC entry 3276 (class 1259 OID 18187)
-- Name: auth_group_permissions_group_id_b120cbf9; Type: INDEX; Schema: public; Owner: course_db_user
--

CREATE INDEX auth_group_permissions_group_id_b120cbf9 ON public.auth_group_permissions USING btree (group_id);


--
-- TOC entry 3279 (class 1259 OID 18188)
-- Name: auth_group_permissions_permission_id_84c5c92e; Type: INDEX; Schema: public; Owner: course_db_user
--

CREATE INDEX auth_group_permissions_permission_id_84c5c92e ON public.auth_group_permissions USING btree (permission_id);


--
-- TOC entry 3266 (class 1259 OID 18173)
-- Name: auth_permission_content_type_id_2f476e4b; Type: INDEX; Schema: public; Owner: course_db_user
--

CREATE INDEX auth_permission_content_type_id_2f476e4b ON public.auth_permission USING btree (content_type_id);


--
-- TOC entry 3287 (class 1259 OID 18203)
-- Name: auth_user_groups_group_id_97559544; Type: INDEX; Schema: public; Owner: course_db_user
--

CREATE INDEX auth_user_groups_group_id_97559544 ON public.auth_user_groups USING btree (group_id);


--
-- TOC entry 3290 (class 1259 OID 18202)
-- Name: auth_user_groups_user_id_6a12ed8b; Type: INDEX; Schema: public; Owner: course_db_user
--

CREATE INDEX auth_user_groups_user_id_6a12ed8b ON public.auth_user_groups USING btree (user_id);


--
-- TOC entry 3293 (class 1259 OID 18217)
-- Name: auth_user_user_permissions_permission_id_1fbb5f2c; Type: INDEX; Schema: public; Owner: course_db_user
--

CREATE INDEX auth_user_user_permissions_permission_id_1fbb5f2c ON public.auth_user_user_permissions USING btree (permission_id);


--
-- TOC entry 3296 (class 1259 OID 18216)
-- Name: auth_user_user_permissions_user_id_a95ead1b; Type: INDEX; Schema: public; Owner: course_db_user
--

CREATE INDEX auth_user_user_permissions_user_id_a95ead1b ON public.auth_user_user_permissions USING btree (user_id);


--
-- TOC entry 3284 (class 1259 OID 18241)
-- Name: auth_user_username_6821ab7c_like; Type: INDEX; Schema: public; Owner: course_db_user
--

CREATE INDEX auth_user_username_6821ab7c_like ON public.auth_user USING btree (username varchar_pattern_ops);


--
-- TOC entry 3299 (class 1259 OID 18237)
-- Name: django_admin_log_content_type_id_c4bce8eb; Type: INDEX; Schema: public; Owner: course_db_user
--

CREATE INDEX django_admin_log_content_type_id_c4bce8eb ON public.django_admin_log USING btree (content_type_id);


--
-- TOC entry 3302 (class 1259 OID 18238)
-- Name: django_admin_log_user_id_c564eba6; Type: INDEX; Schema: public; Owner: course_db_user
--

CREATE INDEX django_admin_log_user_id_c564eba6 ON public.django_admin_log USING btree (user_id);


--
-- TOC entry 3328 (class 1259 OID 18364)
-- Name: django_session_expire_date_a5c62663; Type: INDEX; Schema: public; Owner: course_db_user
--

CREATE INDEX django_session_expire_date_a5c62663 ON public.django_session USING btree (expire_date);


--
-- TOC entry 3331 (class 1259 OID 18363)
-- Name: django_session_session_key_c0390e0f_like; Type: INDEX; Schema: public; Owner: course_db_user
--

CREATE INDEX django_session_session_key_c0390e0f_like ON public.django_session USING btree (session_key varchar_pattern_ops);


--
-- TOC entry 3305 (class 1259 OID 18311)
-- Name: info_entries_slug_b2d210d9_like; Type: INDEX; Schema: public; Owner: course_db_user
--

CREATE INDEX info_entries_slug_b2d210d9_like ON public.info_entries USING btree (slug varchar_pattern_ops);


--
-- TOC entry 3322 (class 1259 OID 18355)
-- Name: info_quests_items_items_id_c71ca230; Type: INDEX; Schema: public; Owner: course_db_user
--

CREATE INDEX info_quests_items_items_id_c71ca230 ON public.info_quests_items USING btree (items_id);


--
-- TOC entry 3325 (class 1259 OID 18354)
-- Name: info_quests_items_quests_id_e2d0838d; Type: INDEX; Schema: public; Owner: course_db_user
--

CREATE INDEX info_quests_items_quests_id_e2d0838d ON public.info_quests_items USING btree (quests_id);


--
-- TOC entry 3333 (class 2606 OID 18182)
-- Name: auth_group_permissions auth_group_permissio_permission_id_84c5c92e_fk_auth_perm; Type: FK CONSTRAINT; Schema: public; Owner: course_db_user
--

ALTER TABLE ONLY public.auth_group_permissions
    ADD CONSTRAINT auth_group_permissio_permission_id_84c5c92e_fk_auth_perm FOREIGN KEY (permission_id) REFERENCES public.auth_permission(id) DEFERRABLE INITIALLY DEFERRED;


--
-- TOC entry 3334 (class 2606 OID 18177)
-- Name: auth_group_permissions auth_group_permissions_group_id_b120cbf9_fk_auth_group_id; Type: FK CONSTRAINT; Schema: public; Owner: course_db_user
--

ALTER TABLE ONLY public.auth_group_permissions
    ADD CONSTRAINT auth_group_permissions_group_id_b120cbf9_fk_auth_group_id FOREIGN KEY (group_id) REFERENCES public.auth_group(id) DEFERRABLE INITIALLY DEFERRED;


--
-- TOC entry 3332 (class 2606 OID 18168)
-- Name: auth_permission auth_permission_content_type_id_2f476e4b_fk_django_co; Type: FK CONSTRAINT; Schema: public; Owner: course_db_user
--

ALTER TABLE ONLY public.auth_permission
    ADD CONSTRAINT auth_permission_content_type_id_2f476e4b_fk_django_co FOREIGN KEY (content_type_id) REFERENCES public.django_content_type(id) DEFERRABLE INITIALLY DEFERRED;


--
-- TOC entry 3335 (class 2606 OID 18197)
-- Name: auth_user_groups auth_user_groups_group_id_97559544_fk_auth_group_id; Type: FK CONSTRAINT; Schema: public; Owner: course_db_user
--

ALTER TABLE ONLY public.auth_user_groups
    ADD CONSTRAINT auth_user_groups_group_id_97559544_fk_auth_group_id FOREIGN KEY (group_id) REFERENCES public.auth_group(id) DEFERRABLE INITIALLY DEFERRED;


--
-- TOC entry 3336 (class 2606 OID 18192)
-- Name: auth_user_groups auth_user_groups_user_id_6a12ed8b_fk_auth_user_id; Type: FK CONSTRAINT; Schema: public; Owner: course_db_user
--

ALTER TABLE ONLY public.auth_user_groups
    ADD CONSTRAINT auth_user_groups_user_id_6a12ed8b_fk_auth_user_id FOREIGN KEY (user_id) REFERENCES public.auth_user(id) DEFERRABLE INITIALLY DEFERRED;


--
-- TOC entry 3337 (class 2606 OID 18211)
-- Name: auth_user_user_permissions auth_user_user_permi_permission_id_1fbb5f2c_fk_auth_perm; Type: FK CONSTRAINT; Schema: public; Owner: course_db_user
--

ALTER TABLE ONLY public.auth_user_user_permissions
    ADD CONSTRAINT auth_user_user_permi_permission_id_1fbb5f2c_fk_auth_perm FOREIGN KEY (permission_id) REFERENCES public.auth_permission(id) DEFERRABLE INITIALLY DEFERRED;


--
-- TOC entry 3338 (class 2606 OID 18206)
-- Name: auth_user_user_permissions auth_user_user_permissions_user_id_a95ead1b_fk_auth_user_id; Type: FK CONSTRAINT; Schema: public; Owner: course_db_user
--

ALTER TABLE ONLY public.auth_user_user_permissions
    ADD CONSTRAINT auth_user_user_permissions_user_id_a95ead1b_fk_auth_user_id FOREIGN KEY (user_id) REFERENCES public.auth_user(id) DEFERRABLE INITIALLY DEFERRED;


--
-- TOC entry 3339 (class 2606 OID 18227)
-- Name: django_admin_log django_admin_log_content_type_id_c4bce8eb_fk_django_co; Type: FK CONSTRAINT; Schema: public; Owner: course_db_user
--

ALTER TABLE ONLY public.django_admin_log
    ADD CONSTRAINT django_admin_log_content_type_id_c4bce8eb_fk_django_co FOREIGN KEY (content_type_id) REFERENCES public.django_content_type(id) DEFERRABLE INITIALLY DEFERRED;


--
-- TOC entry 3340 (class 2606 OID 18232)
-- Name: django_admin_log django_admin_log_user_id_c564eba6_fk_auth_user_id; Type: FK CONSTRAINT; Schema: public; Owner: course_db_user
--

ALTER TABLE ONLY public.django_admin_log
    ADD CONSTRAINT django_admin_log_user_id_c564eba6_fk_auth_user_id FOREIGN KEY (user_id) REFERENCES public.auth_user(id) DEFERRABLE INITIALLY DEFERRED;


--
-- TOC entry 3341 (class 2606 OID 18312)
-- Name: info_characters info_characters_entry_id_a64ccc7a_fk_info_entries_id; Type: FK CONSTRAINT; Schema: public; Owner: course_db_user
--

ALTER TABLE ONLY public.info_characters
    ADD CONSTRAINT info_characters_entry_id_a64ccc7a_fk_info_entries_id FOREIGN KEY (entry_id) REFERENCES public.info_entries(id) DEFERRABLE INITIALLY DEFERRED;


--
-- TOC entry 3345 (class 2606 OID 18332)
-- Name: info_forumusers info_forumusers_user_id_81eddf5c_fk_auth_user_id; Type: FK CONSTRAINT; Schema: public; Owner: course_db_user
--

ALTER TABLE ONLY public.info_forumusers
    ADD CONSTRAINT info_forumusers_user_id_81eddf5c_fk_auth_user_id FOREIGN KEY (user_id) REFERENCES public.auth_user(id) DEFERRABLE INITIALLY DEFERRED;


--
-- TOC entry 3342 (class 2606 OID 18317)
-- Name: info_items info_items_entry_id_e30e5d0f_fk_info_entries_id; Type: FK CONSTRAINT; Schema: public; Owner: course_db_user
--

ALTER TABLE ONLY public.info_items
    ADD CONSTRAINT info_items_entry_id_e30e5d0f_fk_info_entries_id FOREIGN KEY (entry_id) REFERENCES public.info_entries(id) DEFERRABLE INITIALLY DEFERRED;


--
-- TOC entry 3343 (class 2606 OID 18322)
-- Name: info_locations info_locations_entry_id_433120a4_fk_info_entries_id; Type: FK CONSTRAINT; Schema: public; Owner: course_db_user
--

ALTER TABLE ONLY public.info_locations
    ADD CONSTRAINT info_locations_entry_id_433120a4_fk_info_entries_id FOREIGN KEY (entry_id) REFERENCES public.info_entries(id) DEFERRABLE INITIALLY DEFERRED;


--
-- TOC entry 3346 (class 2606 OID 18337)
-- Name: info_quests info_quests_entry_id_364fd78e_fk_info_entries_id; Type: FK CONSTRAINT; Schema: public; Owner: course_db_user
--

ALTER TABLE ONLY public.info_quests
    ADD CONSTRAINT info_quests_entry_id_364fd78e_fk_info_entries_id FOREIGN KEY (entry_id) REFERENCES public.info_entries(id) DEFERRABLE INITIALLY DEFERRED;


--
-- TOC entry 3347 (class 2606 OID 18349)
-- Name: info_quests_items info_quests_items_items_id_c71ca230_fk_info_items_entry_id; Type: FK CONSTRAINT; Schema: public; Owner: course_db_user
--

ALTER TABLE ONLY public.info_quests_items
    ADD CONSTRAINT info_quests_items_items_id_c71ca230_fk_info_items_entry_id FOREIGN KEY (items_id) REFERENCES public.info_items(entry_id) DEFERRABLE INITIALLY DEFERRED;


--
-- TOC entry 3348 (class 2606 OID 18344)
-- Name: info_quests_items info_quests_items_quests_id_e2d0838d_fk_info_quests_entry_id; Type: FK CONSTRAINT; Schema: public; Owner: course_db_user
--

ALTER TABLE ONLY public.info_quests_items
    ADD CONSTRAINT info_quests_items_quests_id_e2d0838d_fk_info_quests_entry_id FOREIGN KEY (quests_id) REFERENCES public.info_quests(entry_id) DEFERRABLE INITIALLY DEFERRED;


--
-- TOC entry 3344 (class 2606 OID 18327)
-- Name: info_spells info_spells_entry_id_04702269_fk_info_entries_id; Type: FK CONSTRAINT; Schema: public; Owner: course_db_user
--

ALTER TABLE ONLY public.info_spells
    ADD CONSTRAINT info_spells_entry_id_04702269_fk_info_entries_id FOREIGN KEY (entry_id) REFERENCES public.info_entries(id) DEFERRABLE INITIALLY DEFERRED;


-- Completed on 2023-03-31 21:00:02

--
-- PostgreSQL database dump complete
--

